possible, extremely
full, much
certain, completely
big, much
pure, perfectly
awake, quite
interesting, partially
flexible, pretty
flat, quite
dirty, pretty
relaxed, totally
short, half
bent, half
fast, rather
tall, partially
straight, perfectly
likely, pretty
flexible, half
dry, totally
pure, totally
necessary, half
wide, well
uncertain, much
big, absolutely
bent, well
opaque, extremely
clean, much
pleased, much
possible, absolutely
likely, completely
shallow, very
closed, well
dry, slightly
flat, much
bent, very
tall, completely
uncertain, pretty
empty, half
wet, much
relaxed, quite
unnecessary, extremely
tall, quite
interesting, perfectly
inexpensive, partially
strong, extremely
unlikely, partially
pleased, quite
safe, perfectly
flat, slightly
awake, very
small, absolutely
safe, extremely
able, completely
dangerous, half
asleep, completely
bent, pretty
full, pretty
dangerous, well
dirty, half
opaque, much
possible, slightly
expensive, completely
impossible, quite
accurate, completely
shallow, perfectly
closed, much
unlikely, half
possible, quite
full, extremely
dry, half
pleased, extremely
uncertain, well
straight, completely
shallow, much
straight, well
impure, well
uncertain, totally
bent, rather
small, extremely
deep, pretty
necessary, very
unlikely, well
inexpensive, pretty
open, much
opaque, partially
straight, half
closed, partially
flexible, well
transparent, completely
awake, completely
able, half
transparent, slightly
wet, perfectly
impossible, totally
likely, rather
inexpensive, slightly
unnecessary, well
able, pretty
interesting, quite
empty, perfectly
open, very
clean, partially
long, pretty
full, rather
impossible, partially
possible, partially
bent, absolutely
opaque, rather
short, much
shallow, half
unusual, totally
wet, slightly
unusual, rather
unusual, completely
unlikely, slightly
dry, absolutely
certain, partially
wet, partially
strong, absolutely
inexpensive, much
dry, quite
fast, half
inaccurate, quite
transparent, half
empty, absolutely
dangerous, very
shallow, rather
strong, much
bent, perfectly
opaque, pretty
accurate, partially
flat, totally
impossible, perfectly
flexible, completely
full, very
long, totally
straight, totally
wide, slightly
impure, extremely
certain, rather
accurate, extremely
wide, extremely
relaxed, rather
necessary, extremely
interesting, well
dry, very
empty, partially
wide, absolutely
inaccurate, totally
able, well
dangerous, much
flat, perfectly
clean, well
necessary, quite
straight, slightly
inexpensive, completely
safe, very
inaccurate, pretty
dirty, slightly
short, quite
certain, much
bumpy, completely
empty, totally
shallow, quite
able, very
dirty, perfectly
bumpy, much
opaque, perfectly
bent, totally
tall, much
impure, totally
impossible, half
strong, well
necessary, slightly
bumpy, totally
bent, slightly
shallow, completely
clean, slightly
transparent, extremely
impure, perfectly
certain, absolutely
able, totally
deep, well
pure, partially
inaccurate, slightly
inaccurate, extremely
flexible, totally
necessary, rather
small, very
dry, pretty
able, extremely
empty, quite
unnecessary, much
unlikely, perfectly
expensive, well
impure, partially
fat, partially
fast, absolutely
asleep, partially
accurate, perfectly
open, extremely
small, completely
fat, very
dry, much
small, slightly
wide, much
long, rather
likely, half
expensive, partially
relaxed, much
possible, very
impossible, well
straight, quite
wet, very
unlikely, absolutely
clean, pretty
clean, rather
fat, much
dangerous, slightly
open, quite
impossible, slightly
able, slightly
big, completely
deep, half
long, extremely
safe, much
flat, absolutely
inaccurate, completely
inaccurate, well
straight, rather
unnecessary, perfectly
expensive, rather
long, completely
bent, partially
accurate, very
relaxed, absolutely
interesting, half
open, slightly
short, extremely
fast, very
strong, pretty
closed, totally
big, totally
fast, extremely
safe, pretty
unlikely, totally
strong, slightly
impossible, much
asleep, totally
unusual, very
unlikely, pretty
deep, slightly
unusual, perfectly
closed, very
dangerous, pretty
dangerous, totally
certain, perfectly
small, pretty
strong, very
unusual, slightly
impure, slightly
wet, completely
accurate, slightly
awake, perfectly
flat, extremely
flexible, partially
unusual, extremely
awake, pretty
inexpensive, very
opaque, half
asleep, rather
fat, rather
necessary, well
deep, quite
tall, well
unnecessary, pretty
impure, quite
fat, slightly
closed, extremely
fast, much
safe, totally
small, half
fat, perfectly
shallow, extremely
asleep, half
shallow, well
awake, extremely
pleased, well
deep, completely
transparent, quite
fat, pretty
asleep, quite
inaccurate, very
bent, much
opaque, completely
likely, very
short, very
asleep, slightly
fast, totally
certain, well
clean, very
expensive, perfectly
shallow, slightly
bumpy, quite
wide, rather
tall, extremely
closed, pretty
opaque, totally
fat, totally
short, absolutely
wet, extremely
impure, much
strong, rather
opaque, well
dirty, much
interesting, very
bent, extremely
safe, partially
tall, very
possible, completely
inaccurate, perfectly
relaxed, perfectly
transparent, totally
clean, half
unusual, quite
dry, rather
wide, pretty
pleased, partially
small, totally
small, much
dry, completely
unusual, partially
fast, slightly
uncertain, partially
dry, well
dry, partially
uncertain, rather
relaxed, partially
dirty, very
possible, totally
wet, rather
open, perfectly
clean, quite
fat, well
open, well
unnecessary, quite
dirty, quite
transparent, perfectly
unnecessary, rather
uncertain, very
big, very
unnecessary, totally
flat, pretty
likely, perfectly
flexible, extremely
dangerous, partially
clean, perfectly
inaccurate, half
pure, rather
wide, partially
transparent, very
big, perfectly
unnecessary, partially
safe, slightly
deep, much
big, half
unlikely, quite
flexible, perfectly
dirty, absolutely
awake, much
closed, absolutely
pleased, absolutely
likely, well
wet, pretty
pure, half
pure, completely
relaxed, very
awake, well
uncertain, quite
dangerous, absolutely
expensive, absolutely
transparent, absolutely
expensive, slightly
impure, completely
bumpy, absolutely
asleep, pretty
empty, rather
likely, extremely
bumpy, perfectly
bent, completely
closed, quite
awake, slightly
transparent, partially
strong, completely
inexpensive, rather
awake, half
relaxed, well
transparent, pretty
deep, partially
possible, rather
long, quite
flexible, much
inexpensive, half
possible, half
strong, totally
dangerous, extremely
safe, absolutely
relaxed, extremely
straight, pretty
bumpy, extremely
unlikely, very
opaque, quite
wide, half
pure, well
fast, well
straight, much
clean, completely
full, completely
certain, pretty
dangerous, quite
short, pretty
pure, absolutely
long, very
impure, pretty
necessary, much
deep, rather
safe, quite
long, much
tall, absolutely
tall, perfectly
small, rather
wide, perfectly
dirty, completely
unlikely, extremely
accurate, totally
necessary, pretty
closed, completely
likely, much
big, extremely
full, well
certain, extremely
accurate, well
shallow, totally
pure, quite
unnecessary, absolutely
interesting, extremely
short, slightly
deep, very
expensive, totally
tall, totally
fat, completely
impure, absolutely
safe, completely
pleased, perfectly
awake, partially
wet, well
impure, very
unlikely, completely
able, much
tall, rather
likely, partially
small, quite
awake, totally
opaque, slightly
certain, totally
relaxed, slightly
unusual, well
transparent, well
accurate, half
short, perfectly
necessary, absolutely
deep, perfectly
tall, half
impossible, rather
long, half
able, perfectly
interesting, rather
transparent, rather
accurate, much
pleased, slightly
straight, extremely
inaccurate, rather
interesting, totally
pleased, pretty
strong, partially
pure, pretty
necessary, completely
flexible, absolutely
pleased, completely
tall, slightly
open, rather
bumpy, well
long, partially
expensive, extremely
long, perfectly
likely, totally
short, rather
flexible, quite
dirty, partially
shallow, absolutely
wide, very
strong, half
open, absolutely
empty, slightly
inaccurate, absolutely
big, well
asleep, well
dirty, well
awake, absolutely
possible, pretty
inaccurate, much
big, rather
opaque, absolutely
empty, pretty
relaxed, half
necessary, perfectly
wet, quite
short, partially
expensive, quite
interesting, absolutely
strong, perfectly
uncertain, half
strong, quite
open, totally
bumpy, rather
wide, completely
closed, rather
empty, very
certain, slightly
dirty, extremely
impure, rather
open, partially
big, slightly
flexible, slightly
possible, much
dirty, rather
impossible, absolutely
dangerous, perfectly
unnecessary, very
expensive, much
clean, absolutely
possible, well
accurate, quite
small, well
uncertain, extremely
straight, absolutely
long, absolutely
empty, extremely
short, well
deep, absolutely
unusual, much
expensive, half
fat, quite
big, quite
flat, half
unusual, half
certain, quite
inexpensive, quite
wide, quite
certain, half
accurate, pretty
pleased, very
bumpy, very
full, totally
unlikely, much
inexpensive, extremely
possible, perfectly
unusual, absolutely
dry, perfectly
wet, half
asleep, very
flexible, rather
pleased, rather
certain, very
transparent, much
uncertain, slightly
straight, partially
empty, well
straight, very
empty, completely
expensive, pretty
dirty, totally
bumpy, slightly
pure, slightly
relaxed, completely
pleased, totally
fast, partially
deep, totally
deep, extremely
dry, extremely
pure, very
wet, totally
wet, absolutely
safe, half
closed, slightly
impossible, completely
closed, half
able, partially
bumpy, partially
bent, quite
open, half
flat, very
inexpensive, totally
long, well
safe, rather
impossible, pretty
awake, rather
clean, totally
inaccurate, partially
likely, quite
bumpy, half
unnecessary, slightly
asleep, absolutely
asleep, much
inexpensive, absolutely
inexpensive, well
full, perfectly
open, pretty
clean, extremely
able, rather
flat, rather
fat, absolutely
full, half
empty, much
shallow, pretty
full, absolutely
flat, partially
full, partially
pure, much
able, absolutely
necessary, partially
long, slightly
dangerous, rather
big, partially
small, partially
tall, pretty
interesting, pretty
impure, half
uncertain, absolutely
fast, completely
accurate, absolutely
fast, perfectly
opaque, very
full, quite
closed, perfectly
pure, extremely
impossible, extremely
fast, pretty
unnecessary, completely
impossible, very
uncertain, completely
interesting, completely
big, pretty
relaxed, pretty
uncertain, perfectly
asleep, perfectly
fat, half
interesting, much
safe, well
flat, completely
short, totally
full, slightly
shallow, partially
inexpensive, perfectly
likely, absolutely
fast, quite
unusual, pretty
pleased, half
small, perfectly
expensive, very
bumpy, pretty
accurate, rather
likely, slightly
interesting, slightly
asleep, extremely
dangerous, completely
wide, totally
flexible, very
unlikely, rather
unnecessary, half
necessary, totally
flat, well
short, completely
able, quite
open, completely
fat, extremely
