3, 4, 3, 2, 1, 0, 2, 0, 2, 0, 0, 0, 0, 2, 0, 0, 0, 0, 0, 0, 1, 0, 0, 0, 0, 0, 0, 0, 0, 0, 3, 0, 0, 0, 0, 0, 0, 5, 0, 0, 0
4, 2, 9, 0, 0, 0, 3, 4, 0, 0, 1, 0, 0, 0, 0, 0, 0, 0, 0, 0, 0, 0, 0, 0, 2, 0, 0, 0, 0, 0, 0, 0, 0, 0, 0, 0, 0, 2, 0, 0, 0
20, 1, 0, 21, 2, 6, 0, 2, 2, 2, 0, 0, 1, 24, 71, 169, 0, 15, 23, 2, 1, 4, 0, 0, 4, 0, 0, 0, 0, 0, 0, 8, 0, 0, 0, 1, 0, 1, 0, 0, 1
2176, 252, 50, 536, 10, 95, 24, 45, 13, 0, 0, 0, 0, 1, 2, 2, 42, 54, 0, 2, 1, 1086, 2, 26, 4, 0, 0, 0, 0, 0, 0, 0, 0, 0, 0, 0, 0, 21, 0, 0, 8
106, 76, 7, 24, 0, 3, 0, 28, 5, 0, 0, 0, 0, 0, 0, 1, 0, 2, 0, 0, 1, 6, 0, 0, 5, 0, 0, 0, 0, 0, 16, 0, 0, 0, 0, 0, 0, 9, 0, 0, 0
79, 14, 0, 82, 0, 2, 0, 7, 6, 2, 0, 0, 0, 0, 0, 0, 1, 0, 0, 9, 0, 10, 0, 0, 1, 0, 0, 0, 2, 0, 0, 0, 0, 0, 0, 0, 0, 3, 0, 0, 0
580, 100, 4, 26, 7, 35, 1, 4, 18, 1, 0, 0, 1, 3, 0, 0, 141, 31, 0, 0, 1, 46, 0, 0, 8, 0, 0, 1, 0, 0, 1, 0, 0, 0, 0, 0, 0, 11, 0, 1, 9
391, 21, 3, 10, 11, 35, 1, 1, 0, 0, 0, 0, 0, 0, 0, 0, 35, 18, 0, 0, 1, 25, 1, 0, 32, 0, 0, 0, 0, 0, 0, 0, 0, 0, 0, 0, 0, 0, 0, 0, 1
785, 51, 4, 52, 10, 205, 3, 0, 0, 0, 0, 0, 144, 5, 208, 142, 3, 1, 154, 2, 0, 2, 57, 0, 1, 0, 1, 0, 0, 0, 1, 6, 1, 0, 0, 11, 0, 1, 0, 0, 0
290, 61, 5, 1, 14, 19, 0, 11, 7, 0, 2, 0, 0, 0, 0, 0, 11, 23, 0, 0, 0, 5, 1, 0, 4, 0, 0, 0, 0, 1, 2, 0, 0, 0, 0, 0, 0, 4, 0, 0, 1
4, 0, 0, 0, 0, 0, 0, 0, 0, 0, 0, 0, 0, 0, 0, 2, 1, 0, 0, 0, 0, 2, 0, 0, 2, 0, 0, 0, 0, 0, 0, 0, 0, 0, 0, 0, 0, 0, 0, 0, 0
15, 0, 1, 0, 0, 1, 0, 4, 0, 0, 0, 0, 0, 0, 0, 0, 2, 0, 0, 0, 0, 0, 0, 0, 0, 0, 0, 0, 5, 0, 0, 0, 0, 0, 0, 0, 0, 0, 0, 0, 1
431, 1299, 17, 22, 4, 9, 2, 14, 20, 11, 0, 1, 0, 0, 1, 1, 16, 8, 0, 0, 0, 13, 1, 0, 2, 1, 0, 0, 0, 1, 0, 0, 0, 0, 0, 0, 0, 6, 0, 0, 3
1787, 250, 8, 188, 3, 9, 23, 14, 11, 1, 11, 1, 1, 1, 0, 0, 207, 3, 0, 4, 0, 15, 5, 0, 4, 0, 0, 0, 0, 0, 0, 0, 0, 0, 2, 7, 0, 5, 0, 13, 24
241, 9, 0, 19, 2, 8, 1, 0, 0, 1, 0, 0, 6, 0, 0, 0, 1, 10, 0, 0, 0, 25, 0, 0, 49, 0, 0, 0, 0, 0, 0, 0, 0, 0, 0, 0, 0, 0, 0, 0, 0
1, 0, 1, 0, 0, 0, 0, 1, 0, 0, 0, 0, 0, 0, 0, 0, 0, 0, 0, 0, 0, 0, 0, 0, 0, 0, 0, 0, 1, 0, 0, 0, 0, 0, 0, 0, 0, 0, 0, 0, 0
35, 32, 6, 22, 1, 50, 3, 1, 1, 0, 4, 2, 0, 8, 2, 40, 2, 0, 0, 4, 0, 0, 0, 4, 0, 0, 0, 0, 0, 0, 5, 1, 1, 0, 0, 0, 0, 2, 0, 0, 0
329, 145, 6, 145, 1, 7, 2, 20, 10, 1, 0, 0, 0, 0, 2, 0, 4, 9, 0, 0, 0, 60, 0, 0, 0, 0, 0, 0, 0, 0, 1, 0, 0, 0, 0, 0, 0, 1, 0, 0, 2
14, 8, 61, 3, 1, 48, 121, 16, 1, 36, 0, 0, 2, 0, 5, 2, 0, 0, 4, 39, 3, 5, 0, 6, 5, 1, 0, 0, 1, 0, 0, 0, 0, 0, 0, 0, 3, 14, 0, 0, 0
131, 6, 6, 17, 3, 4, 1, 0, 2, 0, 0, 0, 9, 0, 1, 0, 2, 15, 0, 0, 0, 7, 1, 0, 1, 0, 0, 0, 0, 0, 0, 0, 0, 0, 0, 0, 0, 50, 0, 0, 2
118, 3, 1, 1, 4, 0, 3, 3, 0, 0, 18, 5, 0, 0, 0, 1, 1, 0, 1, 0, 0, 0, 0, 0, 0, 0, 0, 0, 0, 0, 0, 2, 0, 0, 0, 0, 0, 7, 0, 0, 0
0, 1, 18, 8, 0, 0, 5, 0, 0, 0, 1, 2, 2, 0, 0, 0, 0, 0, 0, 0, 1, 0, 2, 0, 2, 0, 0, 0, 0, 0, 0, 0, 0, 0, 0, 0, 1, 6, 1, 0, 0
9, 112, 3, 33, 3, 9, 2, 2, 2, 1, 0, 2, 0, 2, 0, 0, 1, 0, 1, 3, 3, 0, 0, 2, 2, 0, 0, 0, 0, 0, 50, 0, 0, 0, 0, 0, 1, 7, 0, 2, 0
21, 2, 1, 4, 6, 1, 1, 0, 0, 0, 17, 0, 0, 0, 1, 5, 1, 0, 0, 1, 0, 0, 0, 0, 4, 0, 0, 0, 27, 0, 0, 0, 0, 0, 0, 0, 0, 0, 0, 0, 1
9, 0, 0, 0, 0, 0, 0, 0, 0, 0, 1, 0, 0, 0, 0, 0, 1, 0, 0, 0, 0, 0, 0, 0, 0, 0, 0, 0, 0, 0, 0, 0, 0, 0, 0, 0, 0, 0, 0, 0, 0
18, 4, 3, 1, 1, 2, 2, 10, 28, 0, 0, 0, 1, 2, 0, 1, 0, 1, 0, 4, 1, 11, 1, 0, 1, 0, 0, 0, 0, 0, 2, 0, 0, 0, 0, 0, 4, 48, 0, 0, 0
96, 659, 11, 2, 0, 8, 14, 1, 7, 3, 0, 0, 0, 0, 0, 0, 2, 0, 0, 0, 0, 13, 0, 0, 0, 0, 0, 0, 0, 0, 0, 0, 0, 0, 0, 0, 1, 1, 0, 0, 1
24, 6, 5, 8, 5, 5, 0, 5, 0, 0, 0, 0, 2, 0, 0, 0, 3, 4, 0, 0, 0, 3, 2, 0, 1, 0, 0, 0, 0, 0, 0, 0, 0, 0, 0, 0, 0, 9, 0, 0, 1
1, 2, 2, 5, 0, 0, 5, 5, 0, 0, 0, 2, 0, 0, 0, 1, 0, 1, 0, 0, 1, 0, 0, 0, 4, 0, 0, 0, 0, 0, 0, 0, 0, 0, 0, 1, 0, 10, 0, 0, 0
765, 81, 4, 0, 1, 0, 3, 1, 0, 0, 0, 0, 0, 0, 0, 0, 1, 0, 1, 0, 1, 12, 0, 0, 0, 0, 0, 0, 0, 0, 0, 0, 0, 0, 0, 0, 0, 2, 0, 0, 0
337, 24, 13, 10, 2, 24, 1, 2, 11, 0, 0, 0, 1, 0, 0, 0, 108, 17, 0, 0, 1, 12, 0, 0, 1, 1, 0, 0, 0, 0, 0, 0, 0, 0, 0, 0, 0, 12, 0, 0, 8
424, 156, 10, 209, 3, 13, 4, 16, 17, 5, 0, 0, 1, 2, 0, 1, 9, 6, 3, 1, 0, 79, 4, 0, 3, 0, 0, 0, 1, 0, 0, 0, 1, 0, 0, 0, 0, 14, 0, 0, 2
0, 0, 0, 0, 0, 0, 0, 0, 0, 0, 0, 0, 0, 0, 0, 0, 0, 0, 0, 0, 0, 0, 0, 0, 0, 0, 0, 0, 0, 0, 0, 0, 0, 0, 0, 0, 0, 0, 0, 0, 0
1, 0, 0, 0, 0, 0, 0, 1, 0, 0, 0, 0, 0, 0, 0, 0, 0, 0, 0, 0, 0, 0, 0, 0, 0, 0, 0, 0, 0, 0, 0, 0, 0, 0, 0, 0, 0, 0, 0, 0, 0
4, 0, 0, 0, 3, 0, 0, 1, 0, 0, 0, 0, 0, 0, 0, 0, 0, 0, 0, 0, 6, 0, 0, 0, 4, 0, 0, 0, 16, 0, 0, 0, 0, 0, 0, 0, 0, 0, 0, 0, 0
9, 0, 0, 0, 2, 0, 1, 0, 0, 0, 0, 0, 0, 0, 0, 0, 0, 1, 0, 0, 0, 0, 0, 0, 1, 0, 0, 0, 0, 0, 0, 0, 0, 0, 0, 0, 0, 1, 0, 0, 0
224, 3, 1, 2, 0, 8, 0, 4, 0, 0, 0, 0, 1, 0, 2, 0, 0, 0, 0, 1, 2, 3, 0, 0, 0, 0, 0, 0, 0, 0, 0, 0, 0, 0, 0, 1, 0, 0, 0, 0, 0
308, 17, 9, 0, 2, 37, 3, 6, 13, 0, 43, 0, 11, 12, 0, 1, 2, 0, 0, 2, 6, 1, 8, 0, 16, 0, 0, 0, 0, 0, 0, 0, 0, 0, 0, 0, 0, 27, 0, 0, 0
6, 7, 3, 2, 1, 23, 2, 283, 7, 2, 0, 0, 0, 4, 8, 10, 0, 18, 0, 56, 0, 8, 0, 0, 0, 0, 0, 0, 0, 0, 0, 0, 0, 0, 0, 0, 0, 0, 0, 0, 0
137, 2, 2, 20, 1, 3, 0, 0, 0, 0, 3, 0, 0, 0, 0, 0, 0, 0, 0, 0, 0, 20, 0, 0, 0, 0, 0, 0, 0, 0, 0, 0, 0, 0, 0, 0, 0, 0, 0, 0, 0
1424, 219, 4, 56, 14, 37, 5, 2, 4, 0, 3, 0, 3, 1, 1, 0, 249, 3, 0, 0, 2, 12, 12, 0, 0, 0, 0, 0, 0, 0, 0, 0, 0, 0, 0, 0, 0, 6, 0, 5, 15
4, 0, 0, 3, 0, 1, 0, 0, 0, 0, 1, 0, 0, 0, 2, 0, 0, 0, 1, 0, 0, 0, 0, 0, 1, 0, 0, 0, 0, 0, 0, 0, 0, 0, 0, 0, 0, 0, 0, 0, 0
668, 5, 18, 19, 0, 124, 6, 6, 0, 6, 0, 7, 2, 1, 20, 41, 10, 19, 11, 65, 4, 118, 1, 34, 22, 0, 0, 0, 0, 0, 0, 2, 0, 0, 0, 3, 0, 2, 0, 0, 1
11, 24, 20, 54, 2, 153, 19, 18, 0, 20, 0, 1, 0, 0, 8, 19, 0, 11, 3, 47, 1, 70, 0, 0, 1, 1, 0, 0, 1, 0, 0, 0, 0, 0, 0, 0, 1, 0, 0, 0, 0
5, 4, 1, 2, 1, 2, 2, 7, 3, 1, 0, 0, 1, 0, 4, 3, 0, 0, 4, 0, 0, 0, 0, 0, 77, 0, 0, 0, 0, 0, 0, 0, 0, 0, 0, 0, 0, 6, 0, 0, 0
8, 0, 3, 7, 3, 0, 0, 6, 2, 0, 0, 0, 0, 0, 3, 4, 0, 0, 5, 0, 0, 1, 0, 2, 95, 0, 0, 0, 0, 0, 0, 0, 0, 0, 0, 0, 0, 9, 0, 0, 0
66, 7, 4, 0, 4, 19, 1, 2, 4, 0, 0, 0, 0, 1, 0, 0, 2, 45, 0, 1, 2, 9, 3, 0, 1, 0, 0, 0, 0, 1, 0, 0, 0, 0, 0, 0, 0, 1, 0, 0, 0
859, 70, 4, 65, 5, 58, 11, 4, 7, 0, 0, 0, 6, 0, 1, 0, 31, 33, 0, 0, 2, 51, 7, 0, 1, 0, 0, 0, 0, 0, 0, 0, 0, 0, 0, 0, 0, 5, 0, 1, 5
0, 1, 0, 0, 0, 0, 0, 3, 0, 0, 0, 0, 0, 0, 0, 0, 0, 0, 0, 0, 0, 0, 0, 0, 0, 0, 0, 0, 0, 0, 0, 0, 0, 0, 0, 0, 0, 2, 0, 0, 0
15, 6, 2, 11, 0, 1, 13, 3, 2, 0, 0, 6, 0, 1, 26, 14, 0, 3, 10, 8, 8, 4, 1, 1, 6, 0, 0, 0, 0, 0, 0, 1, 3, 0, 0, 1, 6, 3, 0, 0, 0
189, 2, 1, 3, 2, 22, 1, 1, 0, 0, 0, 0, 0, 0, 1, 0, 1, 6, 0, 0, 0, 4, 13, 0, 0, 0, 0, 0, 0, 12, 1, 0, 0, 0, 0, 0, 0, 0, 0, 0, 2
13, 1, 1, 32, 2, 6, 7, 0, 0, 0, 2, 0, 0, 4, 1, 2, 2, 0, 4, 96, 0, 0, 0, 0, 1, 0, 0, 0, 0, 0, 0, 0, 0, 0, 0, 0, 0, 0, 0, 0, 0
6, 0, 0, 3, 1, 0, 1, 0, 0, 0, 0, 0, 0, 0, 0, 0, 0, 1, 0, 3, 0, 0, 0, 0, 2, 0, 0, 0, 0, 0, 0, 0, 0, 0, 0, 0, 0, 2, 0, 0, 0
73, 39, 2, 20, 0, 7, 11, 0, 0, 0, 0, 27, 10, 0, 25, 2, 1, 7, 9, 2, 5, 4, 1, 0, 3, 2, 0, 0, 0, 0, 1, 0, 0, 0, 0, 0, 21, 39, 0, 0, 0
239, 2, 1, 7, 10, 4, 5, 0, 0, 0, 0, 0, 14, 0, 0, 0, 11, 12, 0, 0, 6, 3, 3, 0, 2, 0, 0, 0, 0, 0, 1, 0, 0, 0, 1, 0, 0, 0, 0, 0, 0
85, 0, 0, 2, 5, 1, 0, 1, 0, 0, 49, 0, 0, 0, 5, 2, 6, 1, 3, 0, 0, 3, 0, 0, 0, 0, 0, 0, 4, 0, 0, 1, 0, 0, 0, 2, 0, 0, 0, 0, 2
2, 0, 0, 1, 0, 0, 6, 0, 0, 0, 0, 0, 0, 0, 0, 0, 0, 0, 0, 0, 0, 0, 0, 0, 2, 0, 0, 0, 0, 0, 0, 0, 0, 0, 0, 0, 0, 3, 0, 0, 0
161, 16, 10, 14, 3, 18, 2, 18, 4, 0, 0, 0, 0, 1, 2, 1, 6, 33, 2, 0, 4, 50, 1, 1, 0, 0, 0, 0, 0, 0, 0, 0, 0, 0, 0, 0, 0, 0, 0, 0, 4
37, 1, 1, 0, 0, 0, 0, 0, 0, 0, 0, 1, 0, 0, 7, 2, 2, 0, 0, 0, 0, 0, 0, 0, 6, 0, 0, 0, 13, 0, 0, 0, 0, 0, 0, 0, 0, 0, 0, 0, 0
0, 0, 0, 0, 0, 0, 0, 0, 0, 0, 0, 0, 0, 0, 0, 0, 0, 0, 0, 0, 0, 0, 0, 0, 0, 0, 0, 0, 2, 0, 0, 0, 0, 0, 0, 0, 0, 0, 0, 0, 0
130, 4, 0, 7, 6, 6, 1, 0, 1, 0, 0, 0, 1, 0, 0, 0, 44, 4, 0, 0, 0, 14, 0, 0, 30, 0, 0, 0, 0, 0, 0, 0, 0, 0, 0, 0, 0, 0, 0, 0, 1
3, 0, 0, 0, 1, 1, 0, 0, 0, 0, 0, 0, 0, 0, 1, 1, 0, 0, 1, 0, 0, 1, 1, 0, 5, 0, 0, 0, 0, 0, 0, 0, 0, 0, 0, 2, 0, 1, 0, 0, 0
25, 1, 0, 3, 0, 2, 0, 4, 0, 0, 0, 6, 0, 1, 1, 0, 0, 0, 0, 0, 1, 1, 0, 0, 0, 0, 0, 0, 0, 0, 0, 0, 0, 0, 0, 1, 0, 3, 0, 0, 0
165, 0, 1, 18, 5, 28, 1, 1, 1, 0, 1, 0, 0, 2, 0, 0, 17, 37, 0, 1, 0, 29, 3, 0, 1, 0, 0, 0, 0, 0, 0, 0, 0, 0, 0, 0, 0, 0, 0, 0, 2
13, 0, 0, 0, 1, 0, 0, 0, 0, 0, 0, 0, 0, 0, 0, 0, 0, 4, 0, 0, 0, 0, 2, 0, 0, 0, 0, 0, 0, 0, 0, 0, 0, 0, 0, 0, 0, 1, 0, 0, 0
34, 12, 0, 1, 1, 0, 8, 7, 1, 0, 0, 0, 0, 0, 0, 0, 4, 5, 0, 0, 0, 4, 0, 0, 0, 0, 0, 0, 0, 0, 4, 0, 0, 0, 0, 0, 0, 3, 0, 0, 0
0, 0, 0, 0, 0, 0, 0, 0, 0, 0, 0, 0, 0, 0, 0, 0, 0, 0, 0, 0, 0, 0, 0, 0, 0, 0, 0, 0, 0, 0, 0, 0, 0, 0, 0, 0, 0, 0, 0, 0, 0
1, 2, 3, 2, 3, 0, 16, 2, 0, 1, 0, 1, 5, 0, 1, 11, 0, 0, 2, 0, 73, 0, 1, 0, 42, 0, 1, 0, 1, 0, 0, 0, 0, 0, 0, 0, 14, 5, 0, 0, 0
955, 254, 6, 234, 4, 9, 11, 15, 1, 0, 0, 0, 0, 0, 0, 0, 40, 1, 0, 1, 1, 111, 2, 0, 0, 1, 0, 0, 0, 1, 1, 0, 0, 0, 0, 0, 0, 4, 0, 0, 10
0, 0, 0, 1, 0, 0, 0, 0, 0, 0, 0, 0, 0, 0, 0, 0, 0, 0, 0, 0, 0, 0, 0, 0, 0, 0, 0, 0, 0, 0, 0, 0, 0, 0, 0, 0, 0, 0, 0, 0, 0
63, 0, 0, 15, 0, 2, 5, 0, 0, 1, 0, 0, 0, 0, 0, 0, 4, 2, 1, 7, 0, 7, 0, 26, 0, 0, 0, 0, 0, 0, 0, 0, 0, 0, 0, 0, 0, 4, 0, 0, 0
22, 1, 2, 1, 0, 8, 3, 3, 0, 0, 1, 0, 0, 0, 0, 4, 0, 0, 1, 5, 0, 0, 1, 11, 0, 0, 0, 0, 1, 0, 0, 0, 0, 0, 0, 0, 0, 0, 0, 0, 0
61, 8, 0, 40, 1, 2, 41, 1, 0, 4, 0, 0, 1, 0, 30, 0, 2, 0, 22, 17, 0, 1, 0, 0, 0, 0, 0, 0, 0, 0, 0, 0, 0, 0, 0, 0, 0, 2, 0, 0, 0
5, 2, 1, 3, 0, 1, 0, 0, 0, 0, 0, 1, 0, 0, 0, 0, 0, 0, 0, 1, 0, 0, 0, 0, 0, 0, 0, 0, 0, 0, 0, 0, 0, 0, 0, 0, 0, 0, 0, 0, 0
0, 2, 3, 4, 3, 2, 1, 0, 0, 0, 0, 0, 0, 0, 0, 1, 0, 0, 0, 0, 0, 1, 0, 0, 2, 0, 0, 0, 0, 0, 2, 0, 0, 0, 0, 0, 0, 2, 0, 0, 0
8, 32, 1, 1, 0, 2, 3, 0, 0, 0, 0, 3, 0, 1, 1, 0, 0, 1, 0, 0, 0, 0, 0, 0, 0, 0, 0, 0, 0, 0, 1, 0, 0, 0, 0, 0, 0, 5, 0, 0, 0
207, 6, 1, 110, 3, 11, 2, 0, 0, 0, 0, 0, 0, 0, 0, 1, 5, 1, 1, 2, 0, 23, 0, 5, 0, 0, 0, 0, 0, 0, 0, 0, 0, 0, 0, 0, 0, 0, 0, 0, 1
25, 1, 0, 1, 0, 1, 0, 1, 0, 0, 2, 3, 0, 0, 0, 0, 0, 0, 0, 0, 1, 0, 0, 0, 1, 0, 0, 0, 0, 0, 0, 1, 12, 0, 0, 0, 0, 0, 0, 0, 0
603, 156, 24, 32, 0, 13, 0, 4, 2, 0, 0, 2, 3, 1, 11, 4, 58, 26, 3, 1, 0, 87, 2, 0, 1, 0, 0, 0, 0, 0, 0, 0, 0, 0, 0, 0, 2, 30, 1, 0, 2
0, 0, 0, 0, 0, 1, 0, 0, 2, 0, 0, 0, 0, 0, 0, 0, 0, 0, 0, 1, 0, 0, 0, 0, 2, 0, 0, 0, 0, 0, 0, 0, 0, 0, 0, 0, 0, 0, 0, 0, 0
2, 1, 0, 0, 1, 1, 3, 0, 0, 0, 0, 3, 0, 0, 3, 4, 0, 0, 6, 1, 0, 0, 0, 58, 1, 0, 0, 0, 0, 0, 0, 0, 0, 0, 0, 0, 0, 0, 0, 0, 0
2, 0, 0, 0, 0, 0, 0, 2, 0, 0, 0, 0, 0, 0, 0, 0, 0, 0, 0, 0, 0, 2, 0, 0, 3, 0, 0, 0, 0, 0, 0, 0, 0, 0, 0, 1, 0, 0, 0, 0, 0
800, 4, 23, 116, 2, 48, 0, 0, 1, 0, 0, 0, 0, 1, 9, 14, 34, 4, 1, 5, 1, 42, 1, 28, 3, 0, 0, 0, 0, 0, 0, 0, 0, 0, 0, 0, 0, 0, 0, 0, 5
507, 5, 197, 66, 6, 13, 3, 1, 1, 0, 5, 0, 1, 0, 0, 0, 47, 1, 0, 2, 0, 1, 19, 0, 19, 0, 15, 0, 1, 0, 0, 1, 0, 0, 0, 0, 0, 3, 0, 1, 0
6, 0, 0, 0, 0, 0, 2, 0, 0, 1, 7, 0, 0, 0, 0, 0, 0, 0, 0, 0, 0, 1, 0, 0, 0, 0, 0, 0, 0, 0, 0, 0, 0, 0, 0, 0, 0, 0, 0, 1, 0
32, 0, 6, 3, 1, 25, 6, 8, 7, 0, 1, 0, 0, 0, 13, 3, 0, 8, 8, 15, 0, 12, 3, 47, 1, 0, 0, 0, 0, 0, 0, 0, 0, 0, 0, 0, 0, 0, 0, 0, 0
0, 0, 0, 0, 0, 0, 0, 0, 0, 0, 0, 0, 0, 0, 0, 0, 0, 0, 0, 0, 0, 0, 0, 0, 0, 0, 0, 0, 0, 0, 0, 0, 0, 0, 0, 0, 0, 0, 0, 0, 0
688, 102, 13, 54, 10, 22, 1, 2, 1, 1, 1, 0, 3, 1, 2, 2, 42, 6, 3, 0, 0, 27, 2, 0, 1, 0, 0, 0, 0, 0, 0, 2, 0, 0, 0, 0, 0, 1, 0, 0, 3
206, 1, 1, 8, 5, 26, 0, 3, 0, 0, 15, 0, 1, 0, 0, 1, 22, 20, 0, 0, 0, 23, 0, 0, 0, 0, 0, 0, 0, 0, 0, 0, 0, 0, 0, 0, 0, 1, 0, 0, 2
1, 0, 1, 0, 0, 0, 0, 0, 0, 0, 0, 0, 0, 0, 0, 0, 0, 0, 0, 0, 0, 1, 0, 0, 0, 0, 0, 0, 0, 0, 0, 0, 0, 0, 0, 0, 0, 0, 0, 0, 0
0, 0, 0, 0, 0, 0, 0, 0, 0, 0, 0, 0, 0, 0, 0, 0, 0, 0, 0, 0, 0, 0, 0, 0, 0, 0, 0, 0, 0, 0, 0, 0, 0, 0, 0, 0, 0, 0, 0, 0, 0
126, 0, 3, 23, 1, 0, 2, 1, 0, 0, 0, 0, 0, 0, 0, 0, 7, 0, 0, 0, 0, 5, 0, 0, 0, 0, 0, 0, 0, 0, 0, 0, 0, 0, 0, 0, 0, 0, 0, 0, 0
14, 23, 16, 25, 6, 1, 363, 16, 5, 6, 0, 2, 3, 2, 9, 9, 0, 0, 2, 1, 6, 2, 3, 1, 22, 0, 0, 0, 2, 0, 6, 0, 1, 0, 0, 0, 3, 264, 9, 0, 0
1, 1, 1, 8, 1, 4, 1, 7, 12, 2, 0, 0, 0, 3, 1, 2, 0, 0, 0, 6, 0, 6, 0, 0, 8, 0, 0, 0, 0, 0, 0, 0, 0, 0, 0, 0, 0, 14, 0, 0, 0
87, 1, 0, 1, 2, 4, 0, 0, 0, 0, 5, 0, 0, 1, 0, 0, 2, 1, 0, 0, 0, 0, 0, 0, 0, 0, 0, 0, 0, 0, 0, 0, 0, 0, 0, 0, 0, 0, 0, 0, 0
0, 0, 16, 0, 0, 0, 0, 5, 6, 0, 0, 0, 0, 0, 0, 0, 0, 0, 0, 0, 0, 0, 0, 0, 0, 0, 0, 0, 0, 0, 0, 0, 0, 0, 0, 0, 0, 49, 2, 0, 0
22, 3, 4, 8, 0, 11, 2, 0, 0, 2, 1, 0, 0, 1, 3, 33, 0, 1, 1, 4, 0, 0, 0, 13, 0, 0, 0, 0, 0, 1, 0, 1, 0, 0, 0, 0, 0, 0, 0, 0, 0
1, 0, 2, 0, 0, 0, 1, 0, 0, 0, 0, 2, 0, 0, 0, 0, 0, 0, 0, 0, 0, 0, 0, 0, 0, 0, 0, 0, 2, 0, 0, 0, 1, 0, 0, 0, 0, 2, 0, 0, 0
38, 1, 0, 3, 1, 0, 3, 0, 0, 0, 0, 0, 1, 0, 0, 0, 0, 2, 0, 0, 0, 8, 1, 0, 0, 0, 0, 0, 0, 0, 0, 0, 0, 0, 0, 0, 0, 0, 0, 0, 0
5, 0, 1, 3, 0, 0, 0, 0, 0, 1, 6, 0, 0, 2, 1, 2, 0, 0, 2, 0, 0, 1, 0, 0, 3, 0, 0, 0, 0, 0, 0, 4, 0, 0, 0, 0, 0, 0, 0, 0, 0
213, 45, 1, 11, 6, 12, 1, 2, 2, 0, 86, 9, 3, 0, 8, 10, 15, 9, 5, 0, 10, 8, 4, 0, 5, 0, 0, 0, 0, 0, 0, 2, 1, 0, 0, 0, 2, 1, 0, 7, 9
80, 1, 3, 12, 1, 18, 1, 1, 0, 0, 1, 182, 0, 3, 5, 0, 0, 0, 3, 0, 0, 0, 0, 3, 0, 0, 0, 0, 0, 0, 5, 0, 0, 0, 0, 1, 0, 0, 0, 0, 0
201, 19, 13, 7, 0, 13, 7, 11, 4, 0, 52, 0, 9, 4, 0, 1, 55, 1, 0, 0, 2, 2, 2, 0, 2, 0, 0, 0, 0, 0, 0, 0, 0, 0, 0, 0, 0, 1, 0, 16, 12
23, 0, 0, 0, 0, 1, 0, 0, 0, 0, 12, 5, 0, 0, 0, 1, 1, 0, 0, 1, 0, 0, 0, 0, 1, 0, 0, 0, 1, 0, 0, 0, 3, 0, 0, 1, 0, 0, 0, 0, 0
99, 4, 0, 9, 1, 7, 0, 1, 2, 0, 0, 0, 1, 0, 0, 0, 17, 6, 0, 0, 0, 15, 1, 0, 2, 0, 0, 0, 0, 0, 0, 0, 0, 0, 0, 0, 0, 2, 0, 0, 1
49, 7, 0, 1, 0, 1, 1, 3, 2, 0, 0, 0, 0, 0, 0, 0, 0, 0, 0, 0, 0, 1, 0, 0, 0, 0, 0, 0, 0, 0, 0, 0, 0, 0, 0, 0, 0, 3, 0, 0, 0
23, 1, 0, 2, 2, 4, 0, 0, 0, 1, 0, 0, 0, 0, 5, 0, 0, 2, 2, 0, 0, 6, 1, 0, 5, 0, 0, 0, 0, 0, 0, 0, 0, 0, 0, 0, 0, 0, 0, 0, 0
11, 7, 20, 26, 0, 46, 2, 36, 4, 3, 0, 31, 0, 1, 5, 1, 0, 0, 1, 2, 0, 1, 0, 2, 1, 0, 0, 0, 0, 0, 0, 0, 0, 0, 0, 0, 0, 3, 0, 0, 0
91, 0, 2, 5, 0, 7, 1, 0, 0, 3, 4, 0, 0, 0, 0, 1, 13, 0, 0, 0, 0, 0, 1, 0, 2, 1, 0, 0, 0, 0, 0, 0, 0, 0, 0, 0, 0, 0, 0, 0, 0
146, 18, 5, 12, 1, 15, 3, 1, 8, 0, 46, 19, 0, 1, 0, 0, 26, 2, 2, 0, 0, 11, 5, 0, 0, 0, 0, 0, 0, 0, 0, 0, 0, 0, 0, 0, 2, 1, 0, 2, 4
16, 2, 7, 1, 0, 2, 2, 2, 0, 0, 0, 0, 0, 0, 0, 0, 2, 0, 0, 0, 0, 0, 0, 0, 2, 0, 0, 0, 0, 0, 0, 0, 0, 0, 0, 0, 0, 0, 0, 0, 0
15, 0, 3, 1, 1, 0, 0, 0, 0, 0, 0, 0, 0, 1, 1, 0, 1, 3, 1, 0, 2, 5, 1, 0, 2, 0, 0, 0, 0, 0, 0, 0, 1, 0, 0, 0, 0, 0, 0, 0, 0
6, 1, 1, 2, 1, 2, 2, 48, 71, 0, 0, 1, 0, 1, 0, 0, 0, 3, 0, 0, 0, 1, 1, 0, 0, 0, 0, 0, 0, 0, 0, 0, 0, 0, 0, 0, 4, 11, 1, 0, 0
22, 17, 1, 0, 1, 3, 4, 0, 0, 0, 0, 1, 1, 1, 0, 0, 1, 1, 0, 0, 0, 1, 0, 0, 0, 0, 0, 0, 0, 0, 0, 0, 0, 0, 0, 0, 0, 0, 0, 0, 0
190, 9, 1, 39, 12, 6, 0, 1, 3, 0, 0, 0, 0, 0, 0, 0, 5, 2, 0, 0, 0, 12, 1, 0, 1, 0, 0, 0, 0, 0, 0, 0, 0, 0, 0, 0, 0, 0, 0, 2, 5
18, 0, 0, 0, 2, 0, 0, 0, 0, 0, 0, 0, 0, 0, 0, 0, 0, 0, 0, 0, 0, 0, 0, 0, 0, 0, 0, 0, 0, 0, 0, 0, 0, 0, 0, 0, 0, 0, 0, 0, 0
22, 0, 0, 2, 0, 0, 0, 0, 0, 0, 3, 0, 0, 0, 0, 0, 2, 0, 0, 0, 0, 0, 0, 0, 0, 0, 0, 0, 5, 0, 0, 0, 0, 0, 0, 0, 0, 0, 0, 0, 0
15, 4, 1, 5, 2, 1, 1, 3, 2, 3, 2, 24, 0, 0, 2, 12, 3, 1, 11, 2, 63, 1, 0, 0, 3, 0, 2, 0, 1, 0, 0, 4, 0, 0, 0, 0, 21, 9, 0, 0, 1
0, 0, 0, 0, 0, 0, 0, 0, 0, 0, 0, 0, 0, 0, 0, 1, 0, 0, 0, 0, 0, 0, 0, 0, 1, 0, 0, 0, 0, 0, 0, 0, 0, 0, 0, 0, 0, 0, 0, 0, 0
101, 16, 4, 40, 0, 5, 3, 2, 1, 0, 0, 0, 0, 0, 0, 0, 9, 1, 2, 0, 0, 8, 0, 0, 0, 0, 0, 0, 0, 0, 0, 0, 0, 0, 0, 0, 0, 3, 0, 0, 5
0, 0, 0, 0, 0, 0, 0, 0, 0, 0, 0, 0, 0, 0, 0, 0, 0, 0, 0, 0, 0, 0, 0, 0, 0, 0, 0, 0, 0, 0, 0, 0, 0, 0, 0, 0, 0, 0, 0, 0, 0
44, 12, 1, 12, 2, 1, 2, 1, 1, 0, 0, 0, 0, 0, 3, 0, 6, 0, 0, 1, 0, 6, 0, 0, 1, 0, 0, 0, 0, 0, 1, 0, 0, 0, 0, 0, 0, 1, 0, 0, 0
22, 0, 0, 0, 0, 0, 0, 1, 0, 0, 1, 0, 1, 0, 0, 0, 0, 0, 0, 0, 0, 3, 0, 1, 0, 0, 0, 0, 0, 0, 0, 0, 0, 0, 0, 0, 0, 1, 0, 0, 0
4, 0, 0, 2, 0, 0, 2, 0, 0, 0, 0, 0, 2, 0, 0, 0, 0, 0, 0, 0, 0, 3, 0, 0, 2, 0, 0, 0, 0, 0, 0, 0, 0, 0, 0, 0, 0, 0, 0, 0, 0
17, 2, 0, 6, 1, 0, 2, 0, 1, 0, 4, 36, 0, 0, 17, 1, 2, 2, 7, 2, 0, 0, 0, 0, 0, 0, 0, 0, 0, 0, 0, 5, 1, 0, 0, 0, 0, 16, 0, 0, 0
0, 0, 1, 0, 0, 0, 0, 0, 0, 0, 0, 0, 0, 0, 0, 0, 0, 0, 0, 0, 0, 1, 0, 0, 0, 0, 0, 0, 0, 0, 0, 0, 0, 0, 0, 0, 0, 0, 0, 0, 0
2, 0, 12, 0, 0, 0, 0, 0, 0, 2, 0, 0, 0, 0, 0, 0, 0, 0, 0, 0, 1, 0, 0, 0, 0, 0, 0, 0, 0, 0, 0, 0, 0, 0, 0, 0, 0, 0, 0, 0, 0
55, 6, 0, 11, 0, 8, 0, 1, 0, 0, 0, 0, 0, 1, 1, 0, 1, 0, 0, 4, 0, 0, 0, 0, 0, 0, 0, 0, 0, 0, 0, 0, 0, 0, 0, 0, 0, 0, 0, 0, 18
4, 0, 0, 0, 0, 0, 0, 0, 0, 0, 0, 0, 0, 0, 0, 0, 0, 0, 0, 0, 0, 0, 0, 0, 0, 0, 0, 0, 0, 0, 0, 0, 0, 0, 0, 0, 0, 0, 0, 0, 0
41, 3, 5, 2, 3, 1, 6, 4, 1, 0, 3, 0, 0, 0, 0, 0, 8, 10, 0, 1, 1, 6, 1, 0, 2, 0, 0, 0, 0, 0, 0, 0, 0, 0, 0, 0, 0, 2, 0, 0, 1
4, 0, 0, 10, 0, 5, 4, 1, 0, 0, 0, 0, 0, 1, 0, 0, 1, 0, 0, 51, 0, 0, 0, 0, 0, 0, 0, 0, 0, 0, 0, 0, 0, 0, 0, 0, 0, 0, 0, 0, 0
42, 0, 0, 3, 1, 9, 0, 3, 1, 2, 0, 1, 0, 0, 0, 2, 0, 11, 0, 2, 0, 31, 0, 3, 0, 0, 0, 0, 0, 0, 0, 0, 0, 0, 0, 0, 0, 0, 0, 0, 2
106, 58, 2, 7, 1, 3, 2, 1, 4, 0, 0, 0, 0, 0, 0, 0, 5, 4, 0, 0, 0, 13, 0, 0, 0, 0, 0, 0, 0, 0, 1, 0, 0, 0, 0, 0, 0, 3, 2, 0, 0
1, 28, 5, 28, 6, 2, 12, 4, 0, 0, 0, 2, 0, 0, 4, 0, 0, 0, 2, 0, 0, 0, 1, 3, 8, 1, 0, 0, 0, 0, 0, 0, 0, 0, 1, 0, 0, 27, 0, 0, 0
328, 1, 4, 11, 11, 7, 1, 6, 1, 0, 3, 1, 12, 0, 3, 3, 17, 6, 1, 4, 0, 8, 5, 0, 17, 1, 0, 0, 0, 0, 1, 0, 0, 0, 0, 0, 0, 1, 0, 1, 5