2, 8, 42, 0, 708, 6, 6, 11, 6, 11, 7, 59, 5, 0, 2, 79, 6, 1792, 2, 12, 113, 6, 1, 29, 38, 0, 9, 13, 0, 98, 33, 429, 29, 0, 2, 4, 0, 3, 1, 154, 208, 1
21, 42, 14, 19, 2, 117, 0, 171, 20, 86, 107, 14, 0, 5, 0, 3, 136, 89, 13, 16, 104, 21, 12, 9, 23, 0, 14, 189, 1, 111, 3, 57, 4, 7, 11, 9, 1, 34, 1, 265, 21, 12
5, 49, 12, 1, 1, 36, 5, 299, 12, 1, 8, 26, 0, 0, 0, 22, 47, 95, 1, 0, 33, 0, 0, 2, 168, 0, 0, 3, 1, 73, 5, 86, 0, 1, 0, 3, 2, 78, 5, 211, 19, 30
1, 0, 5, 0, 0, 2, 0, 3, 0, 0, 0, 0, 0, 49, 2, 1, 0, 5, 0, 7, 1, 8, 1, 0, 0, 0, 0, 1, 0, 4, 4, 3, 1, 0, 0, 2, 0, 2, 1, 1, 5, 0
3, 8, 46, 0, 5, 13, 0, 6, 7, 1, 5, 39, 0, 1, 0, 5, 2, 90, 0, 32, 189, 12, 3, 21, 1, 0, 4, 7, 0, 8, 6, 56, 13, 1, 5, 4, 0, 3, 3, 49, 143, 2
1, 0, 2, 0, 20, 5, 0, 0, 1, 0, 0, 56, 0, 3, 1, 3, 0, 20, 1, 0, 11, 2, 0, 0, 3, 0, 0, 0, 0, 7, 4, 8, 0, 0, 0, 0, 0, 2, 0, 10, 12, 1
0, 23, 16, 0, 53, 38, 1, 14, 3, 32, 1, 1183, 1, 0, 0, 21, 14, 50, 3, 0, 427, 1, 2, 6, 87, 0, 3, 30, 0, 153, 2, 127, 1, 0, 4, 12, 5, 42, 1, 1063, 3605, 3
44, 8, 212, 0, 0, 13, 2, 57, 35, 138, 28, 0, 0, 174, 0, 13, 0, 3206, 72, 66, 174, 240, 1, 6, 4, 1, 0, 1238, 3, 224, 39, 3110, 18, 0, 10, 7, 8, 14, 1, 3812, 59, 2
6, 6, 5, 0, 0, 0, 0, 0, 1, 8, 76, 0, 0, 0, 0, 1, 0, 10, 9, 1, 63, 2, 0, 2, 2, 0, 1, 187, 0, 24, 20, 75, 0, 0, 1, 0, 0, 0, 1, 523, 1, 0
4, 181, 51, 0, 1, 0, 0, 0, 3, 38, 2, 2, 0, 0, 0, 6, 1, 261, 110, 2, 40, 11, 0, 1, 28, 3, 0, 5, 5, 150, 11, 279, 4, 0, 4, 3, 0, 18, 9, 736, 8, 0
1, 3, 5, 0, 1, 2, 0, 0, 1, 0, 0, 1, 1, 0, 3, 2, 1, 26, 0, 2, 25, 8, 0, 2, 1, 0, 0, 4, 0, 5, 4, 22, 2, 1, 121, 0, 2, 2, 0, 1, 0, 0
67, 1, 226, 0, 66, 3, 0, 0, 2, 46, 104, 0, 0, 19, 0, 13, 0, 307, 19, 10, 37, 177, 0, 2, 3, 0, 5, 1305, 0, 125, 19, 2395, 15, 8, 5, 2, 2, 0, 0, 4448, 26, 0
38, 8, 179, 0, 2, 27, 0, 58, 6, 5, 3, 2, 0, 76, 0, 1, 0, 16, 0, 739, 21, 71, 0, 12, 0, 0, 3, 19, 3, 11, 0, 46, 3, 0, 10, 2, 3, 24, 4, 173, 8, 1
4, 0, 22, 0, 0, 4, 0, 3, 2, 1, 0, 0, 1, 7, 0, 0, 2, 12, 0, 25, 8, 5, 0, 0, 6, 0, 0, 42, 1, 2, 2, 21, 0, 0, 20, 0, 0, 1, 0, 44, 12, 0
0, 0, 0, 0, 0, 0, 0, 0, 0, 3, 3, 0, 0, 0, 0, 0, 0, 11, 1, 2, 2, 0, 0, 0, 0, 0, 0, 10, 0, 5, 3, 5, 2, 0, 6, 10, 0, 0, 0, 33, 1, 0
0, 35, 7, 0, 0, 3, 0, 0, 2, 1, 3, 0, 0, 0, 0, 2, 0, 27, 1, 7, 21, 8, 1, 0, 0, 0, 1, 4, 0, 2, 2, 13, 1, 0, 0, 1, 0, 0, 1, 69, 4, 0
19, 441, 2747, 0, 0, 30, 0, 52, 10, 1, 295, 5, 0, 0, 0, 24, 2, 60, 0, 1, 334, 115, 0, 5, 0, 7, 2, 172, 0, 265, 7, 29, 1, 0, 2, 11, 1, 4, 11, 57, 11, 1
2, 0, 4, 0, 7, 0, 0, 2, 1, 4, 4, 0, 0, 0, 0, 0, 1, 15, 2, 7, 12, 2, 0, 0, 4, 0, 0, 5, 0, 9, 1, 1, 0, 0, 0, 2, 1, 1, 0, 41, 1, 1
4, 21, 45, 0, 0, 110, 0, 26, 12, 28, 43, 6, 1, 0, 1, 3, 1, 575, 1, 9, 32, 20, 1, 1, 41, 0, 0, 81, 0, 21, 15, 115, 2, 3, 4, 4, 115, 41, 2, 359, 68, 0
14, 440, 67, 0, 4, 226, 1, 653, 98, 52, 340, 29, 0, 1, 4, 33, 0, 140, 11, 50, 513, 42, 1, 13, 573, 2, 10, 1728, 0, 1153, 49, 265, 16, 1, 4, 14, 0, 61, 20, 5244, 157, 16
174, 5, 76, 0, 9, 92, 1, 52, 12, 482, 343, 17, 0, 1, 0, 10, 3, 354, 32, 8, 105, 61, 7, 15, 2, 0, 4, 1417, 0, 248, 29, 636, 27, 3, 14, 20, 0, 7, 0, 6053, 101, 1
5, 7, 97, 0, 9, 135, 0, 66, 6, 1, 13, 36, 0, 12, 6, 0, 1, 77, 1, 53, 63, 57, 54, 52, 2, 0, 1, 10, 0, 6, 2, 23, 18, 1, 65, 4, 0, 22, 0, 82, 147, 0
0, 4, 14, 1, 8, 21, 0, 1, 5, 113, 11, 0, 0, 1, 0, 2, 0, 159, 3, 7, 27, 11, 0, 0, 1, 0, 0, 82, 0, 48, 21, 176, 0, 0, 7, 14, 4, 7, 4, 737, 4, 0
24, 2, 91, 0, 0, 2, 0, 4, 8, 52, 636, 0, 1, 0, 0, 16, 1, 35, 7, 6, 380, 51, 0, 4, 2, 0, 0, 158, 0, 268, 38, 29, 2, 2, 20, 21, 0, 1, 1, 707, 35, 2
18, 10, 530, 1, 12, 4, 0, 3, 4, 1, 59, 6, 0, 17, 11, 19, 0, 91, 10, 21, 74, 577, 9, 6, 3, 0, 0, 42, 0, 45, 12, 30, 7, 2, 3, 3, 2, 8, 3, 66, 16, 0
80, 10, 13, 0, 4, 3, 6, 7, 4, 279, 8, 1, 123, 1, 0, 19, 31, 50, 6, 154, 612, 14, 0, 22, 0, 0, 7, 40, 6, 161, 30, 786, 3, 0, 19, 148, 0, 15, 0, 3353, 39, 0
2, 0, 0, 0, 0, 0, 0, 0, 0, 0, 5, 0, 0, 0, 0, 0, 0, 0, 0, 0, 0, 0, 0, 0, 0, 0, 0, 4, 0, 12, 2, 0, 0, 0, 0, 0, 0, 0, 0, 103, 3, 0
7, 1, 5, 0, 0, 1, 0, 1, 0, 1, 6, 1, 0, 0, 0, 1, 1, 9, 0, 6, 24, 7, 0, 0, 0, 0, 0, 2, 0, 3, 2, 2, 1, 0, 0, 1, 0, 1, 1, 26, 1, 0
5, 9, 58, 0, 0, 5, 2, 1, 2, 581, 20, 0, 0, 1, 0, 3, 134, 160, 53, 2, 282, 18, 0, 0, 0, 10, 3, 83, 0, 84, 25, 247, 2, 0, 34, 27, 2, 0, 5, 2293, 16, 0
7, 4, 54, 0, 1, 51, 0, 2, 0, 28, 23, 3, 0, 3, 0, 2, 1, 53, 5, 29, 31, 34, 1, 1, 1, 0, 0, 55, 0, 56, 36, 128, 0, 0, 17, 25, 0, 30, 2, 558, 7, 0
27, 38, 122, 0, 0, 65, 0, 25, 8, 4, 0, 2, 0, 40, 0, 13, 0, 57, 0, 53, 77, 135, 2, 0, 0, 2, 1, 80, 0, 54, 48, 211, 16, 1, 2, 1, 8, 25, 1, 41, 62, 1
14, 0, 19, 0, 11, 0, 4, 0, 9, 43, 36, 0, 0, 3, 0, 4, 1, 985, 29, 6, 23, 40, 2, 0, 0, 1, 0, 150, 0, 37, 11, 122, 0, 0, 1, 4, 0, 0, 0, 1124, 11, 0
25, 43, 39, 0, 8, 3455, 17, 2635, 3, 69, 13, 1, 26, 0, 0, 174, 3, 668, 14, 15, 3757, 2, 2, 13, 1, 0, 4, 48, 0, 2601, 207, 876, 24, 2, 2397, 990, 8, 2771, 112, 12838, 118, 153
10, 8, 92, 0, 2, 4, 97, 4, 10, 2574, 47, 1, 0, 0, 0, 9, 19, 2891, 243, 17, 1919, 45, 0, 20, 0, 0, 5, 267, 1, 324, 127, 782, 4, 0, 67, 168, 0, 2, 2, 14777, 53, 0
1, 4, 5, 0, 0, 2, 0, 4, 0, 5, 19, 1, 0, 0, 0, 0, 2, 104, 1, 3, 96, 1, 0, 1, 0, 0, 1, 24, 0, 21, 15, 17, 2, 0, 3, 10, 4, 1, 4, 309, 14, 0
0, 0, 5, 0, 0, 1, 0, 0, 1, 14, 0, 0, 0, 0, 0, 2, 0, 49, 16, 2, 2, 2, 0, 0, 0, 0, 0, 18, 0, 10, 10, 50, 0, 0, 5, 2, 0, 0, 0, 72, 4, 0
7, 2, 101, 0, 101, 206, 0, 10, 2, 67, 44, 12, 0, 3, 0, 12, 0, 60, 6, 65, 28, 55, 2, 2, 11, 0, 1, 55, 0, 44, 59, 27, 1, 0, 49, 32, 107, 17, 3, 353, 82, 0
36, 0, 76, 0, 0, 9, 0, 149, 1, 2, 0, 2, 1, 3, 0, 0, 0, 60, 1, 305, 113, 9, 76, 719, 1, 1, 2, 3, 8, 2, 13, 21, 3, 3, 17, 11, 0, 5, 0, 25, 37, 1
25, 2, 10, 2, 0, 0, 0, 15, 1, 38, 152, 1, 0, 2, 0, 6, 1, 72, 9, 3, 292, 3, 1, 1, 1, 0, 0, 159, 0, 101, 18, 159, 15, 2, 16, 10, 0, 1, 0, 2250, 175, 0
92, 4, 219, 0, 7, 4, 0, 15, 51, 113, 758, 0, 0, 1, 0, 35, 0, 156, 78, 6, 72, 58, 0, 3, 5, 1, 1, 954, 0, 275, 44, 543, 9, 2, 0, 16, 1, 4, 0, 2340, 52, 0
12, 1, 7, 0, 0, 2, 0, 4, 0, 2, 0, 0, 0, 0, 0, 0, 4, 4, 0, 9, 46, 0, 1, 11, 0, 0, 0, 0, 121, 0, 2, 4, 0, 0, 1, 0, 0, 2, 0, 31, 2, 0
34, 2, 28, 0, 3, 52, 23, 11, 8, 288, 51, 120, 1, 5, 0, 9, 658, 161, 52, 16, 432, 72, 31, 23, 9, 0, 4, 105, 0, 182, 8, 149, 2, 0, 49, 51, 2, 19, 0, 1899, 19, 3
4, 21, 279, 0, 1, 88, 0, 37, 2, 1, 21, 2, 0, 341, 2, 5, 0, 40, 1, 359, 23, 728, 7, 5, 0, 0, 1, 69, 0, 15, 10, 17, 1, 0, 2, 11, 1, 23, 23, 67, 17, 0
2, 536, 30, 0, 0, 4, 0, 0, 3, 0, 0, 0, 0, 0, 0, 14, 0, 35, 2, 0, 9, 9, 0, 0, 0, 3, 2, 5, 0, 3, 3, 44, 3, 0, 1, 0, 0, 1, 2, 47, 9, 0
0, 0, 2, 0, 9, 0, 0, 4, 0, 0, 0, 0, 0, 0, 0, 0, 0, 3, 0, 3, 5, 0, 0, 0, 0, 0, 0, 0, 0, 0, 0, 0, 1, 0, 0, 0, 0, 0, 0, 1, 0, 0
9, 2, 32, 0, 0, 2, 102, 2, 7, 318, 85, 3, 1, 12, 0, 2, 56, 79, 80, 38, 913, 24, 0, 21, 0, 0, 0, 134, 0, 189, 68, 207, 2, 5, 170, 53, 0, 0, 1, 2417, 28, 0
1, 0, 1, 0, 0, 0, 0, 0, 0, 0, 0, 0, 0, 0, 0, 0, 0, 3, 0, 0, 26, 2, 1, 0, 0, 0, 0, 1, 0, 0, 0, 3, 0, 1, 0, 0, 0, 0, 0, 2, 0, 0
257, 0, 45, 0, 0, 2, 0, 3, 2, 11, 23, 0, 0, 0, 0, 0, 0, 114, 0, 1, 172, 57, 0, 0, 6, 0, 1, 224, 0, 214, 12, 28, 45, 0, 24, 2, 0, 0, 0, 1513, 242, 0
65, 0, 308, 0, 1, 0, 0, 1, 2, 165, 44, 0, 1, 2, 0, 1, 1, 150, 99, 7, 202, 141, 0, 0, 0, 0, 1, 487, 0, 155, 18, 419, 7, 2, 0, 1, 1, 1, 0, 2027, 15, 0
12, 0, 29, 0, 0, 0, 5, 2, 6, 4, 11, 0, 0, 2, 0, 2, 1, 39, 4, 16, 230, 14, 0, 0, 0, 0, 0, 8, 0, 9, 6, 57, 6, 0, 2, 1, 0, 0, 0, 74, 3, 0
0, 5, 8, 0, 0, 2, 0, 1, 3, 3, 1, 0, 0, 0, 0, 0, 1, 4, 0, 2, 5, 6, 0, 0, 0, 0, 0, 10, 0, 7, 0, 4, 1, 0, 1, 4, 0, 0, 2, 16, 0, 0
1, 0, 1, 0, 0, 2, 0, 2, 2, 0, 0, 1, 0, 0, 0, 0, 0, 0, 0, 14, 28, 0, 0, 12, 0, 0, 0, 2, 37, 0, 0, 1, 0, 0, 2, 0, 0, 2, 0, 2, 2, 0
5, 64, 9, 0, 2, 10, 0, 0, 1, 70, 15, 0, 0, 0, 0, 2, 0, 60, 12, 21, 25, 13, 0, 0, 379, 0, 0, 57, 0, 45, 7, 213, 2, 0, 1, 2, 0, 20, 1, 1213, 49, 0
15, 29, 135, 5, 1, 45, 0, 7, 4, 3, 94, 8, 0, 1, 0, 0, 0, 18, 2, 85, 21, 123, 0, 2, 78, 0, 0, 105, 0, 14, 44, 40, 3, 51, 30, 33, 0, 39, 12, 148, 12, 0
4, 0, 5, 0, 0, 1, 0, 1, 0, 24, 20, 11, 0, 0, 0, 0, 65, 34, 10, 0, 101, 13, 0, 2, 0, 0, 0, 28, 0, 27, 6, 13, 1, 0, 5, 19, 0, 10, 1, 243, 6, 0
0, 4, 36, 0, 1, 62, 0, 16, 2, 0, 2, 0, 0, 1, 0, 10, 0, 6, 3, 28, 11, 0, 0, 3, 0, 0, 0, 5, 0, 8, 5, 15, 0, 0, 5, 12, 1, 61, 29, 37, 4, 8
10, 186, 114, 0, 1, 210, 0, 139, 17, 3, 29, 25, 0, 8, 0, 28, 1, 92, 9, 86, 193, 89, 8, 27, 72, 0, 1, 50, 0, 27, 4, 110, 12, 0, 0, 4, 0, 154, 22, 164, 30, 21
18, 17, 120, 0, 9, 65, 0, 0, 9, 9, 36, 0, 0, 440, 1, 3, 1, 42, 8, 22, 36, 242, 6, 9, 2, 0, 0, 132, 0, 32, 13, 48, 5, 0, 5, 8, 0, 10, 0, 212, 313, 0
116, 3, 2, 0, 1, 0, 0, 0, 1, 0, 0, 0, 0, 0, 0, 0, 1, 11, 0, 5, 11, 1, 0, 0, 0, 0, 0, 0, 0, 5, 5, 28, 1, 1, 1, 0, 0, 1, 0, 25, 33, 0
5, 0, 3, 0, 0, 0, 0, 0, 0, 6, 15, 0, 0, 1, 0, 1, 1, 9, 0, 4, 14, 5, 0, 0, 0, 0, 0, 16, 1, 7, 10, 6, 0, 0, 0, 3, 0, 0, 0, 155, 1, 0
180, 53, 708, 0, 10, 15, 4, 30, 51, 585, 738, 0, 0, 106, 5, 30, 3, 4258, 182, 179, 1249, 407, 6, 24, 606, 5, 5, 22753, 15, 1611, 129, 10287, 32, 2, 12, 18, 11, 16, 1, 32776, 208, 9
7, 74, 64, 0, 0, 0, 1, 1, 6, 9, 1, 1, 0, 3, 0, 15, 0, 252, 15, 9, 34, 70, 0, 3, 5, 0, 1, 211, 1, 18, 3, 1747, 6, 1, 1, 0, 0, 12, 0, 636, 41, 0
13, 1, 20, 0, 1, 10, 0, 3, 0, 2, 9, 2, 0, 6, 0, 0, 0, 58, 1, 27, 30, 5, 1, 2, 6, 1, 0, 31, 0, 7, 2, 19, 3, 0, 10, 2, 1, 5, 0, 93, 7, 0
16, 24, 52, 0, 0, 107, 5, 147, 27, 294, 38, 12, 2, 0, 1, 14, 1, 149, 51, 65, 41, 24, 2, 0, 477, 1, 0, 589, 2, 570, 24, 1357, 17, 0, 5, 12, 1, 80, 6, 6334, 58, 2
19, 6, 154, 0, 1, 1, 11, 3, 28, 772, 58, 1, 1, 4, 0, 2, 1, 5044, 171, 18, 146, 63, 3, 20, 0, 0, 3, 1764, 0, 213, 50, 3654, 7, 0, 20, 48, 2, 1, 0, 11741, 103, 0
3, 0, 23, 0, 0, 0, 6, 0, 2, 147, 82, 0, 0, 8, 0, 1, 0, 36, 8, 8, 16, 12, 0, 4, 0, 0, 0, 208, 0, 68, 18, 106, 1, 1, 9, 14, 0, 1, 0, 838, 3, 0
36, 10, 285, 3, 8, 2, 39, 4, 18, 1229, 497, 2, 0, 8, 0, 9, 4, 336, 134, 34, 113, 152, 1, 13, 2, 0, 0, 769, 0, 458, 91, 471, 11, 5, 22, 16, 1, 7, 0, 6849, 59, 0
19, 5, 40, 0, 2, 1, 1, 0, 5, 221, 24, 0, 0, 2, 0, 3, 3, 289, 32, 7, 37, 21, 0, 3, 1, 4, 1, 200, 0, 93, 38, 559, 3, 0, 16, 2, 2, 12, 0, 1734, 22, 0
5, 1, 59, 0, 6, 30, 0, 18, 6, 2, 2, 106, 0, 10, 1, 2, 0, 27, 2, 7, 39, 2, 1, 2, 12, 0, 0, 4, 9, 52, 6, 31, 0, 0, 7, 7, 16, 8, 5, 430, 13, 7
20, 36, 247, 0, 0, 6, 216, 1, 14, 1585, 59, 2, 0, 5, 0, 11, 64, 4170, 352, 5, 1131, 237, 0, 0, 0, 0, 10, 301, 0, 191, 60, 2805, 17, 1, 19, 86, 0, 6, 3, 15353, 101, 0
76, 82, 4126, 1, 0, 41, 0, 7, 5, 1, 4, 1, 0, 0, 0, 15, 2, 34, 1, 3, 64, 2639, 0, 10, 4, 1, 1, 71, 0, 39, 5, 64, 1, 0, 4, 6, 1, 54, 44, 10, 31, 1
0, 0, 0, 0, 0, 0, 0, 0, 0, 0, 0, 0, 0, 0, 0, 0, 0, 4, 0, 0, 0, 0, 0, 0, 0, 0, 0, 0, 1, 0, 0, 1, 0, 0, 1, 0, 0, 0, 0, 1, 0, 0
2, 10, 30, 0, 0, 46, 0, 18, 1, 4, 4, 0, 0, 0, 0, 4, 24, 2, 0, 2, 7, 1, 5, 6, 0, 0, 0, 0, 1, 5, 0, 1, 1, 0, 0, 8, 0, 78, 3, 23, 0, 9
2, 9, 19, 0, 1, 169, 0, 45, 2, 9, 16, 194, 0, 0, 0, 10, 26, 23, 2, 8, 36, 4, 4, 7, 0, 0, 0, 31, 5, 30, 9, 32, 0, 0, 2, 12, 6, 107, 1, 209, 9, 38
2, 3, 8, 0, 0, 0, 0, 3, 1, 4, 0, 1, 0, 0, 0, 4, 63, 2, 0, 2, 12, 1, 0, 0, 0, 0, 0, 3, 1, 5, 0, 14, 1, 0, 1, 0, 1, 3, 1, 68, 1, 0
0, 0, 10, 0, 0, 0, 0, 1, 0, 0, 0, 0, 0, 0, 0, 0, 2, 3, 0, 10, 3, 0, 0, 2, 0, 0, 0, 0, 2, 0, 0, 2, 0, 0, 2, 0, 0, 0, 0, 4, 2, 0
2, 0, 10, 0, 0, 1, 0, 0, 2, 10, 72, 0, 0, 0, 0, 5, 0, 15, 13, 14, 2, 10, 0, 1, 0, 0, 0, 8, 0, 19, 6, 16, 0, 0, 0, 1, 0, 0, 0, 165, 0, 0
17, 5, 47, 0, 9, 1, 4, 5, 0, 112, 32, 1, 0, 15, 3, 4, 34, 25, 36, 9, 465, 71, 1, 1, 0, 0, 3, 334, 0, 202, 73, 923, 2, 0, 13, 31, 3, 4, 0, 2806, 22, 0
3, 1, 3, 0, 0, 4, 0, 1, 0, 0, 0, 0, 0, 0, 0, 0, 4, 2, 0, 3, 11, 0, 0, 2, 0, 0, 0, 1, 3, 1, 0, 13, 0, 0, 1, 1, 4, 5, 0, 58, 2, 0
15, 1, 146, 2, 29, 0, 8, 1, 1, 174, 357, 3, 0, 10, 0, 8, 3, 136, 33, 52, 49, 140, 0, 5, 0, 1, 0, 101, 0, 291, 323, 115, 0, 3, 3, 15, 1, 4, 0, 4264, 13, 0
17, 2, 37, 0, 6, 0, 0, 0, 3, 0, 0, 1, 0, 2, 1, 23, 0, 1721, 0, 1, 24, 18, 0, 3, 0, 1, 0, 0, 0, 6, 9, 59, 6, 2, 0, 0, 0, 1, 0, 104, 190, 0
27, 1, 100, 0, 0, 0, 0, 1, 2, 20, 48, 1, 0, 0, 0, 5, 1, 53, 4, 6, 122, 19, 0, 6, 2, 0, 0, 58, 0, 60, 72, 69, 5, 0, 18, 26, 0, 1, 0, 620, 36, 0
110, 6, 182, 11, 69, 89, 0, 115, 23, 1, 4, 9, 0, 5, 13, 70, 0, 499, 1, 120, 953, 79, 3, 31, 0, 1, 19, 9, 1, 33, 54, 300, 292, 5, 45, 5, 0, 25, 0, 83, 266, 0
6, 29, 7, 0, 41, 87, 0, 118, 9, 0, 0, 33, 0, 1, 0, 2, 1, 10, 2, 17, 17, 4, 0, 2, 709, 0, 0, 2, 22, 21, 0, 8, 3, 0, 1, 4, 0, 23, 2, 9, 3, 6
25, 2, 31, 0, 14, 2, 0, 0, 23, 70, 72, 0, 0, 2, 0, 6, 5, 85, 7, 18, 257, 4, 3, 2, 4, 2, 3, 48, 1, 61, 19, 54, 3, 5, 9, 12, 0, 4, 0, 567, 15, 0
89, 1, 38, 0, 3, 0, 0, 24, 3, 58, 37, 0, 0, 52, 0, 215, 509, 368, 4, 84, 1944, 51, 0, 32, 3, 1, 1, 48, 0, 524, 57, 45, 5, 1, 145, 161, 1, 0, 1, 2999, 65, 1
46, 0, 2, 0, 0, 0, 0, 2, 0, 10, 13, 0, 0, 0, 0, 3, 0, 75, 3, 5, 77, 0, 0, 0, 0, 0, 0, 268, 0, 9, 11, 63, 0, 0, 1, 0, 0, 0, 0, 10725, 20, 0
2, 2, 7, 1, 0, 2, 0, 17, 3, 10, 3, 0, 0, 0, 0, 2, 6, 10, 1, 44, 10, 0, 0, 1, 0, 0, 0, 4, 9, 5, 1, 21, 0, 0, 0, 0, 0, 1, 1, 76, 2, 3
137, 2, 291, 2, 11, 2, 5, 11, 7, 186, 122, 1, 0, 11, 0, 1, 1, 544, 63, 10, 157, 146, 0, 1, 2, 1, 2, 191, 0, 120, 83, 356, 47, 12, 11, 13, 0, 0, 0, 5884, 86, 0
33, 1, 135, 0, 0, 1, 0, 0, 1, 806, 357, 0, 0, 0, 0, 3, 0, 119, 71, 33, 32, 34, 0, 13, 0, 0, 0, 351, 0, 277, 61, 241, 3, 1, 8, 16, 0, 0, 0, 4214, 11, 0
1, 0, 2, 0, 0, 0, 0, 0, 0, 0, 0, 0, 0, 0, 0, 0, 0, 0, 0, 0, 0, 0, 0, 0, 0, 0, 0, 0, 0, 0, 0, 1, 0, 0, 0, 0, 0, 0, 0, 0, 0, 0
4, 0, 9, 0, 0, 0, 0, 0, 2, 0, 12, 0, 0, 0, 0, 1, 0, 1, 0, 1, 4, 1, 0, 0, 0, 0, 0, 12, 0, 1, 2, 20, 0, 0, 0, 1, 0, 0, 0, 22, 2, 0
4, 0, 1, 0, 0, 0, 0, 0, 0, 0, 0, 0, 0, 0, 0, 0, 0, 1, 0, 0, 2, 0, 0, 1, 0, 0, 0, 1, 9, 0, 0, 0, 0, 0, 0, 0, 0, 0, 0, 5, 0, 0
9, 0, 18, 0, 0, 0, 0, 1, 0, 0, 0, 5, 0, 0, 0, 0, 0, 0, 0, 16, 8, 6, 0, 0, 0, 0, 0, 4, 16, 0, 1, 7, 4, 0, 0, 0, 0, 0, 0, 15, 6, 0
4, 16, 11, 0, 1, 25, 0, 6, 2, 9, 16, 25, 0, 0, 0, 1, 21, 18, 7, 4, 37, 2, 0, 0, 5, 0, 0, 14, 4, 22, 6, 12, 1, 0, 6, 9, 310, 12, 6, 354, 1, 2
3, 0, 3, 0, 0, 4, 0, 0, 0, 2, 0, 7, 0, 0, 0, 0, 1, 3, 0, 2, 7, 3, 0, 0, 0, 0, 0, 1, 22, 0, 0, 3, 17, 0, 2, 0, 3, 0, 0, 23, 1, 0
4, 8, 33, 0, 0, 89, 0, 74, 2, 2, 11, 1, 0, 0, 0, 6, 1, 28, 1, 4, 60, 5, 0, 3, 192, 0, 0, 36, 7, 118, 4, 33, 3, 0, 0, 12, 7, 36, 25, 357, 7, 6
7, 821, 24, 0, 6, 6, 0, 18, 7, 10, 9, 0, 0, 0, 0, 100, 3, 54, 1, 0, 44, 5, 0, 0, 0, 2, 1, 2, 0, 18, 6, 525, 2, 0, 2, 3, 3, 12, 6, 140, 37, 1
23, 49, 87, 0, 1, 726, 0, 2115, 111, 9, 311, 4, 0, 1, 0, 500, 22, 20, 3, 32, 157, 41, 0, 19, 1, 1, 1, 86, 2, 104, 25, 398, 3, 1, 16, 41, 3, 327, 20, 422, 19, 135
21, 4, 23, 0, 0, 0, 1, 15, 4, 70, 23, 0, 0, 2, 0, 5, 0, 272, 24, 15, 23, 13, 0, 1, 93, 0, 0, 432, 0, 157, 47, 1636, 17, 0, 2, 9, 1, 3, 0, 3738, 35, 0
54, 69, 118, 0, 0, 149, 0, 43, 10, 10, 130, 21, 0, 2, 3, 10, 0, 29, 4, 20, 48, 53, 0, 2, 458, 11, 0, 178, 0, 185, 13, 30, 0, 2, 27, 25, 1, 67, 18, 245, 29, 1
2, 7, 29, 0, 0, 21, 0, 8, 5, 3, 268, 0, 0, 0, 0, 9, 0, 24, 4, 4, 107, 7, 3, 1, 57, 0, 0, 701, 1, 207, 101, 48, 5, 0, 8, 16, 1, 0, 2, 369, 19, 0
29, 0, 267, 1, 240, 1, 0, 1, 15, 31, 41, 1, 0, 22, 0, 32, 0, 105, 9, 103, 92, 107, 2, 21, 1, 0, 2, 123, 0, 118, 34, 385, 10, 6, 17, 8, 0, 2, 0, 1440, 41, 0
114, 0, 13, 0, 13, 9, 0, 2, 0, 0, 1, 16, 0, 12, 2, 5, 2, 2, 3, 3, 21, 1, 6, 4, 1, 0, 0, 6, 2, 1, 3, 87, 20, 0, 80, 10, 1, 0, 0, 12, 89, 0
0, 11, 17, 0, 6, 17, 0, 1, 0, 5, 4, 1, 0, 0, 0, 0, 0, 1, 0, 3, 4, 16, 0, 0, 0, 0, 0, 8, 0, 2, 3, 0, 0, 0, 4, 21, 1, 2, 7, 7, 0, 1
7, 19, 33, 0, 23, 229, 3, 31, 2, 20, 47, 262, 1, 20, 16, 12, 1, 486, 10, 38, 398, 14, 68, 66, 7, 1, 1, 76, 0, 102, 36, 227, 26, 0, 79, 23, 5, 94, 3, 795, 169, 1
6, 6, 3, 0, 1, 39, 0, 27, 29, 5, 5, 1, 1, 0, 1, 46, 83, 12, 1, 4, 11, 5, 0, 0, 0, 0, 0, 7, 1, 22, 2, 16, 0, 0, 3, 3, 13, 21, 24, 105, 5, 57
156, 1, 62, 0, 2, 6, 0, 15, 0, 0, 0, 0, 0, 0, 0, 5, 1, 26, 0, 15, 96, 6, 0, 1, 0, 0, 1, 2, 0, 9, 4, 15, 3, 0, 0, 1, 0, 5, 2, 23, 9, 1
0, 0, 1, 0, 0, 0, 0, 1, 0, 9, 5, 0, 0, 0, 0, 0, 8, 5, 1, 0, 5, 0, 0, 0, 0, 0, 0, 3, 0, 9, 1, 12, 0, 0, 0, 1, 0, 0, 2, 363, 0, 0
27, 0, 9, 0, 6, 1, 0, 2, 3, 0, 2, 1, 0, 0, 0, 0, 0, 4, 0, 9, 22, 9, 0, 2, 0, 0, 0, 3, 0, 4, 1, 9, 4, 1, 0, 2, 0, 0, 0, 8, 29, 0
14, 1, 23, 0, 0, 11, 2, 24, 1, 55, 4, 1, 0, 0, 0, 1, 465, 35, 11, 12, 150, 2, 0, 13, 0, 0, 0, 22, 62, 57, 13, 81, 0, 0, 2, 8, 1, 21, 9, 1336, 9, 7
5, 0, 37, 0, 0, 3, 0, 1, 0, 26, 1, 2, 0, 2, 0, 0, 24, 45, 1, 6, 71, 6, 0, 8, 0, 0, 0, 26, 56, 10, 3, 35, 0, 0, 0, 0, 1, 2, 0, 495, 3, 0
2, 7, 20, 0, 0, 4, 23, 53, 19, 379, 16, 3, 17, 0, 0, 21, 6, 82, 14, 19, 37, 8, 0, 0, 3, 1, 0, 134, 0, 240, 37, 410, 2, 0, 6, 13, 5, 25, 0, 3264, 75, 3
16, 1, 15, 0, 1, 6, 1, 33, 1, 23, 2, 0, 0, 0, 0, 4, 164, 15, 8, 32, 147, 3, 2, 21, 0, 0, 0, 6, 252, 10, 5, 27, 2, 0, 0, 5, 4, 25, 4, 256, 8, 4
33, 6, 12, 0, 1, 0, 1, 0, 8, 209, 27, 0, 0, 0, 0, 0, 3, 96, 21, 260, 3, 18, 0, 3, 0, 0, 1, 128, 0, 48, 29, 129, 0, 0, 2, 9, 0, 0, 3, 1714, 12, 0
35, 0, 89, 0, 1, 1, 429, 5, 26, 671, 28, 0, 5, 0, 0, 24, 516, 63, 96, 21, 247, 78, 0, 17, 0, 0, 8, 64, 0, 273, 14, 195, 5, 2, 46, 32, 0, 0, 0, 2426, 49, 1
13, 67, 73, 0, 5, 32, 12, 44, 5, 201, 107, 1, 0, 0, 0, 6, 43, 36, 61, 236, 221, 12, 0, 2, 2, 1, 1, 233, 8, 195, 30, 244, 0, 0, 108, 42, 1, 18, 1, 3719, 12, 12
19, 26, 68, 0, 25, 19, 0, 649, 3, 4, 32, 36, 0, 0, 0, 94, 52, 362, 5, 1, 820, 9, 1, 1, 79, 3, 2, 3, 1, 777, 1, 229, 7, 0, 2, 4, 33, 6, 2, 470, 47, 4
15, 3, 25, 0, 10, 13, 0, 6, 7, 0, 24, 44, 0, 2, 0, 13, 0, 392, 0, 7, 80, 3, 0, 1, 2, 6, 4, 1, 0, 15, 12, 25, 2, 2, 0, 2, 2, 5, 0, 119, 97, 2
0, 0, 0, 0, 0, 0, 0, 0, 0, 0, 0, 0, 0, 0, 0, 0, 0, 1, 0, 1, 0, 0, 0, 0, 0, 0, 0, 0, 0, 0, 0, 0, 0, 0, 0, 0, 0, 0, 0, 1, 1, 0
0, 0, 1, 0, 0, 0, 0, 0, 0, 0, 0, 1, 0, 0, 0, 0, 0, 3, 0, 0, 0, 0, 0, 0, 0, 0, 0, 1, 0, 0, 2, 1, 2, 0, 0, 0, 0, 0, 0, 6, 0, 0
3, 4, 14, 0, 0, 41, 0, 23, 5, 48, 9, 79, 0, 2, 0, 4, 10, 8, 3, 57, 27, 2, 3, 3, 1, 0, 1, 11, 48, 6, 6, 20, 0, 0, 0, 9, 4, 24, 6, 635, 3, 8
4, 1, 5, 0, 0, 12, 0, 10, 1, 21, 0, 10, 0, 0, 1, 1, 39, 58, 21, 3, 19, 6, 0, 5, 4, 0, 0, 5, 6, 13, 0, 14, 0, 0, 0, 2, 18, 13, 7, 349, 3, 0
14, 3, 17, 0, 1, 7, 2, 7, 2, 11, 6, 23, 1, 2, 0, 3, 209, 42, 0, 9, 107, 7, 1, 3, 0, 0, 0, 13, 13, 34, 13, 7, 2, 0, 2, 5, 0, 9, 1, 1351, 13, 6
6, 16, 10, 0, 0, 8, 0, 11, 5, 3, 2, 0, 0, 0, 0, 2, 1, 23, 4, 1, 5, 2, 0, 0, 14, 0, 0, 9, 0, 9, 1, 13, 1, 0, 1, 0, 0, 4, 3, 54, 1, 0
318, 40, 287, 0, 5, 62, 0, 19, 14, 3, 1, 84, 0, 1, 2, 61, 3, 140, 0, 5, 79, 119, 5, 5, 11, 0, 1, 35, 0, 854, 7, 453, 17, 0, 4, 1, 1, 30, 2, 59, 74, 0
13, 15, 44, 0, 2, 11, 0, 19, 13, 5, 3, 3, 0, 5, 1, 5, 0, 59, 6, 3, 87, 3, 0, 1, 5, 0, 5, 26, 1, 145, 1, 67, 6, 0, 6, 6, 0, 14, 8, 3038, 20, 0
2, 0, 0, 0, 0, 0, 0, 0, 0, 5, 149, 0, 0, 0, 0, 0, 7, 3, 0, 2, 48, 0, 0, 2, 0, 0, 0, 10, 0, 16, 24, 3, 0, 0, 0, 9, 0, 0, 0, 148, 1, 0
6, 6, 18, 0, 2, 4, 0, 3, 0, 2, 1, 2, 0, 5, 0, 0, 0, 3, 2, 33, 34, 7, 0, 0, 4, 0, 0, 21, 0, 7, 4, 21, 3, 0, 8, 0, 0, 2, 0, 48, 4, 0
4, 2, 14, 0, 0, 26, 0, 1, 5, 14, 31, 2, 10, 0, 0, 6, 3, 54, 4, 1, 193, 0, 1, 3, 3, 0, 0, 104, 0, 24, 5, 67, 1, 0, 35, 45, 3, 37, 8, 326, 16, 4
21, 7, 64, 0, 4, 71, 2, 80, 2, 32, 6, 82, 13, 0, 0, 8, 33, 74, 4, 46, 73, 4, 197, 812, 4, 1, 1, 14, 2, 7, 3, 100, 6, 2, 0, 28, 1, 50, 1, 292, 34, 27
480, 644, 174, 2, 1, 61, 0, 21, 587, 12, 10, 9, 0, 198, 9, 5, 2, 120, 3, 54, 329, 41, 35, 114, 87, 1, 10, 111, 3, 876, 52, 155, 104, 13, 31, 5, 1, 42, 5, 219, 489, 2
0, 0, 5, 0, 0, 0, 0, 0, 0, 0, 0, 0, 0, 0, 0, 1, 0, 1, 0, 0, 1, 2, 0, 0, 0, 0, 0, 0, 0, 1, 1, 2, 2, 0, 0, 0, 0, 0, 0, 3, 3, 0
10, 108, 16, 0, 7, 240, 0, 76, 10, 95, 118, 2, 0, 0, 0, 9, 2, 138, 11, 8, 32, 33, 0, 0, 243, 3, 3, 244, 0, 80, 61, 160, 16, 0, 5, 14, 0, 76, 9, 635, 26, 4
16, 21, 28, 0, 1, 34, 1, 34, 11, 325, 96, 0, 0, 9, 5, 14, 10, 1213, 12, 30, 533, 30, 0, 14, 29, 0, 0, 352, 0, 194, 64, 830, 3, 0, 26, 43, 5, 23, 24, 5013, 14, 1
1, 0, 4, 0, 1, 2, 0, 0, 2, 10, 14, 0, 0, 0, 0, 1, 0, 26, 12, 8, 7, 1, 0, 1, 0, 0, 0, 28, 1, 25, 25, 21, 10, 0, 10, 9, 2, 0, 0, 117, 2, 0
22, 1, 20, 0, 16, 1, 0, 2, 24, 159, 195, 0, 1, 1, 0, 5, 1, 49, 27, 29, 46, 3, 0, 5, 0, 1, 1, 97, 0, 44, 53, 157, 3, 0, 71, 73, 0, 0, 0, 2282, 1059, 0
3, 3, 32, 0, 7, 0, 24, 1, 0, 92, 244, 0, 4, 2, 0, 19, 157, 37, 11, 1, 199, 40, 0, 1, 0, 0, 0, 350, 1, 145, 36, 178, 0, 0, 10, 10, 0, 0, 0, 2009, 21, 0
5, 1, 14, 0, 1, 0, 0, 0, 0, 25, 64, 0, 2, 0, 0, 10, 23, 46, 9, 7, 48, 3, 0, 1, 0, 0, 0, 108, 0, 368, 36, 41, 3, 106, 17, 404, 0, 3, 0, 2672, 17, 1
17, 1, 96, 0, 1, 3, 0, 2, 3, 71, 675, 0, 1, 0, 0, 27, 4, 62, 52, 13, 68, 50, 0, 5, 32, 1, 0, 713, 0, 634, 101, 589, 9, 0, 2, 11, 0, 1, 10, 2331, 13, 0
1, 0, 11, 0, 1, 2, 0, 0, 1, 2, 0, 1, 0, 0, 0, 4, 2, 16, 0, 18, 5, 1, 0, 0, 1, 0, 0, 1, 0, 0, 7, 10, 5, 0, 3, 2, 0, 0, 0, 12, 5, 0
8, 1, 90, 0, 4, 10, 1, 1, 3, 302, 378, 0, 0, 4, 0, 14, 17, 364, 56, 233, 66, 7, 3, 6, 4, 3, 4, 281, 1, 386, 205, 246, 2, 4, 9, 27, 0, 0, 0, 5568, 10, 1
25, 0, 6, 0, 0, 1, 0, 3, 1, 8, 1, 0, 0, 0, 0, 0, 42, 1, 3, 11, 61, 0, 0, 2, 0, 0, 0, 3, 41, 5, 3, 6, 0, 0, 0, 0, 0, 1, 0, 177, 2, 0
13, 2, 25, 0, 0, 2, 0, 4, 3, 27, 1, 0, 0, 1, 0, 0, 0, 199, 2, 2, 9, 0, 0, 1, 2, 0, 0, 41, 0, 10, 20, 312, 1, 0, 0, 10, 0, 0, 4, 746, 13, 0
6, 0, 7, 0, 0, 1, 0, 0, 1, 17, 3, 0, 0, 0, 0, 5, 0, 91, 9, 2, 38, 3, 0, 0, 0, 0, 0, 423, 0, 54, 15, 527, 7, 0, 0, 5, 2, 7, 0, 1922, 7, 0
3, 3, 5, 0, 0, 1, 0, 4, 0, 30, 32, 0, 0, 0, 0, 6, 173, 10, 1, 0, 76, 3, 0, 2, 3, 1, 0, 39, 0, 105, 13, 35, 0, 0, 4, 8, 1, 1, 3, 1575, 3, 1
4, 28, 68, 0, 0, 29, 0, 8, 1, 1, 48, 0, 0, 1, 0, 0, 0, 11, 1, 14, 11, 23, 0, 0, 145, 0, 0, 63, 0, 6, 3, 16, 1, 0, 2, 0, 0, 13, 1, 144, 0, 0
12, 4, 66, 0, 8, 12, 16, 2, 14, 499, 360, 1, 0, 3, 1, 7, 2, 1298, 213, 13, 49, 140, 0, 12, 4, 3, 1, 967, 0, 481, 45, 738, 8, 2, 10, 6, 0, 1, 0, 9714, 64, 0
10, 3, 37, 0, 1, 71, 272, 144, 3, 273, 117, 37, 2, 8, 3, 4, 1448, 980, 85, 65, 173, 75, 61, 94, 0, 0, 2, 163, 0, 271, 37, 147, 17, 0, 16, 68, 4, 38, 0, 2471, 24, 14
10, 488, 346, 0, 3, 85, 0, 218, 446, 7, 98, 6, 0, 2, 1, 4, 5, 388, 0, 4, 76, 20, 1, 13, 3, 23, 8, 1791, 1, 2236, 4, 899, 14, 0, 0, 2, 4, 29, 4, 208, 77, 1
26, 0, 45, 1, 35, 2, 4, 0, 7, 28, 19, 0, 0, 5, 1, 4, 0, 159, 18, 10, 6, 45, 0, 2, 1, 0, 0, 55, 0, 23, 14, 44, 0, 0, 4, 2, 0, 0, 0, 337, 13, 0
4, 2, 13, 1, 11, 0, 0, 0, 5, 3, 0, 0, 0, 0, 0, 1, 0, 117, 1, 1, 8, 21, 0, 0, 1, 0, 0, 0, 0, 2, 2, 27, 2, 1, 3, 0, 0, 0, 0, 133, 25, 0
21, 2, 55, 1, 0, 0, 0, 0, 3, 0, 0, 0, 0, 0, 0, 5, 0, 2, 0, 9, 12, 32, 0, 0, 0, 0, 1, 1, 0, 0, 1, 2, 0, 5, 5, 2, 0, 1, 0, 0, 17, 0
0, 3, 9, 0, 0, 3, 0, 2, 3, 16, 65, 1, 0, 1, 1, 3, 16, 9, 0, 14, 34, 0, 0, 0, 0, 0, 0, 31, 2, 17, 19, 9, 0, 0, 5, 14, 5, 8, 4, 332, 3, 2
1, 10, 35, 0, 0, 30, 0, 9, 2, 3, 19, 23, 0, 0, 0, 3, 12, 8, 1, 1, 22, 43, 2, 3, 2, 0, 0, 27, 1, 4, 7, 13, 0, 0, 4, 4, 0, 12, 10, 57, 3, 2
2, 0, 2, 0, 0, 10, 0, 1, 1, 5, 5, 0, 0, 0, 0, 1, 161, 23, 0, 1, 26, 1, 0, 4, 0, 1, 2, 8, 0, 15, 9, 25, 0, 0, 3, 49, 0, 0, 3, 152, 5, 0
5, 4, 12, 0, 0, 4, 0, 6, 0, 424, 15, 0, 0, 0, 0, 1, 2432, 32, 7, 1, 20, 8, 1, 5, 0, 0, 0, 73, 0, 60, 51, 13, 0, 0, 0, 55, 2, 1, 5, 893, 7, 3
0, 13, 16, 0, 0, 82, 0, 25, 0, 5, 3, 0, 0, 0, 0, 0, 0, 8, 1, 7, 19, 0, 0, 1, 0, 0, 0, 2, 0, 11, 5, 14, 0, 0, 0, 2, 3, 108, 15, 13, 2, 37
3, 9, 11, 0, 0, 3, 0, 15, 2, 219, 67, 0, 0, 0, 0, 160, 1955, 40, 12, 0, 12, 3, 0, 8, 0, 2, 1, 138, 0, 161, 137, 168, 2, 0, 59, 262, 2, 3, 1, 1295, 16, 1
28, 2, 19, 0, 1, 0, 19, 4, 3, 138, 23, 2, 1, 0, 0, 5, 60, 100, 33, 7, 76, 3, 5, 15, 11, 0, 3, 17, 0, 85, 4, 134, 0, 0, 2, 8, 1, 2, 0, 861, 36, 0
0, 0, 10, 0, 0, 0, 0, 0, 0, 0, 0, 0, 0, 0, 0, 0, 0, 0, 0, 0, 7, 0, 0, 0, 0, 0, 0, 0, 0, 1, 0, 0, 0, 0, 0, 0, 0, 0, 0, 0, 0, 0
2, 0, 16, 0, 1, 4, 0, 0, 1, 21, 11, 0, 0, 3, 0, 1, 0, 15, 0, 4, 2, 4, 0, 2, 0, 0, 0, 14, 0, 15, 8, 31, 0, 0, 11, 2, 25, 1, 0, 130, 9, 0
9, 3, 187, 0, 0, 44, 0, 86, 6, 9, 5, 2, 0, 82, 0, 0, 1, 14, 2, 1013, 25, 56, 0, 2, 9, 0, 0, 45, 2, 16, 3, 32, 2, 4, 11, 5, 2, 15, 0, 134, 13, 0
3, 0, 23, 0, 0, 4, 0, 0, 1, 0, 0, 4, 0, 0, 0, 0, 0, 3, 0, 2, 2, 18, 4, 0, 0, 0, 0, 1, 0, 3, 1, 4, 0, 0, 0, 0, 0, 1, 0, 5, 3, 0
20, 1, 44, 0, 32, 2, 4, 1, 10, 37, 50, 0, 0, 10, 0, 1, 0, 239, 6, 8, 11, 39, 0, 0, 1, 0, 0, 59, 0, 33, 9, 31, 3, 3, 25, 2, 0, 0, 0, 352, 16, 0
18, 19, 39, 0, 23, 24, 0, 22, 37, 1, 0, 31, 1, 2, 2, 17, 0, 567, 0, 182, 220, 9, 1, 14, 60, 1, 8, 0, 0, 21, 60, 481, 173, 6, 2, 4, 1, 3, 0, 7, 1295, 0
9, 298, 49, 0, 0, 285, 1, 111, 51, 12, 1, 0, 0, 8, 0, 8, 0, 172, 12, 26, 104, 2, 0, 10, 9, 5, 1, 2, 0, 94, 5, 313, 163, 0, 17, 2, 3, 261, 51, 643, 68, 10
14, 1, 34, 0, 7, 1, 0, 6, 2, 50, 110, 3, 0, 0, 0, 3, 7, 154, 12, 413, 66, 9, 1, 13, 0, 2, 1, 421, 1, 155, 25, 190, 5, 0, 13, 6, 1, 1, 0, 3359, 25, 0
